,0,1,2,3,4,5,6,7,8,tsp_id
0,266.0,0.0,0.0,0.0,0.0,0.0,0.0,60.5,0.0,500
1,245.0,15.5,0.0,0.0,15.5,0.0,0.0,67.17000000000007,0.0,501
2,0.0,20.5,0.0,0.0,20.5,0.0,0.0,0.0,0.0,501
3,0.0,3.0,0.0,0.0,21.0,0.0,0.0,0.0,0.0,501
4,142.5,0.0,0.0,0.0,0.0,0.0,0.0,3.4600000000000364,0.0,501
5,71.0,4.5,0.0,0.0,4.5,0.0,0.0,0.0,0.0,502
6,172.0,6.0,7.5,3.0,3.0,0.0,0.0,0.0,0.0,502
7,0.0,0.0,0.0,0.0,0.0,0.0,0.0,0.0,0.0,503
8,118.0,8.5,0.0,0.0,8.5,0.0,0.0,9.0600000000004,0.0,504
9,37.0,9.0,0.0,9.0,7.5,0.0,0.0,0.0,0.0,504
10,36.0,7.0,0.0,0.0,0.0,0.0,0.0,0.0,0.0,504
11,0.0,10.0,10.0,0.0,10.0,0.0,0.0,0.0,0.0,504
12,0.0,3.5,3.5,0.0,0.0,0.0,0.0,0.0,0.0,504
13,0.0,3.0,3.0,0.0,0.0,0.0,0.0,0.0,0.0,504
14,0.0,0.5,0.5,0.0,0.0,0.0,0.0,0.0,0.0,504
15,0.0,1.0,1.25,0.0,0.0,0.0,0.0,0.0,0.0,504
16,0.0,0.5,0.25,0.0,0.5,0.0,0.0,0.0,0.0,504
17,0.0,0.75,0.75,0.0,0.75,0.0,0.0,0.0,0.0,504
18,0.0,0.0,0.0,0.0,0.0,0.0,0.0,0.0,0.0,505
19,0.0,0.0,0.0,0.0,0.0,0.0,0.0,0.0,0.0,505
20,0.0,0.0,0.0,0.0,0.0,0.0,0.0,0.0,0.0,505
21,214.5,0.0,0.0,0.0,0.0,0.0,0.0,0.5,0.0,505
22,369.0,4.5,0.0,4.0,0.5,1.0,0.0,0.0,0.0,506
23,36.0,17.0,3.0,0.0,0.0,0.0,0.0,0.37999999999919964,0.0,506
24,11.0,13.25,4.25,5.25,1.5,0.0,0.0,0.0,0.0,506
25,7.329999999999927,14.5,0.0,0.0,0.32999999999992724,0.0,0.0,0.0,0.0,506
26,0.0,3.3299999999999272,0.75,0.0,0.25,0.0,0.0,0.0,0.0,506
27,0.0,3.1700000000000728,5.670000000000073,0.0,7.0,0.0,0.0,0.0,0.0,506
28,0.0,3.4400000000005093,5.5,0.0,0.05999999999949068,0.0,0.0,0.0,0.0,506
29,0.0,1.5599999999994907,2.0599999999994907,0.0,0.3899999999994179,0.2899999999990541,0.0,0.0,0.0,506
30,247.0,11.5,0.0,0.0,11.5,11.5,0.0,0.0,0.0,507
31,99.0,10.5,7.0,10.5,3.5,0.0,0.0,0.0,0.0,507
32,0.0,10.5,0.0,0.0,21.0,0.0,0.0,0.0,0.0,507
33,0.0,16.5,0.0,0.0,16.5,0.0,0.0,0.0,0.0,507
34,0.6700000000000728,0.0,0.0,0.0,0.0,0.0,0.0,0.0,0.0,507
35,0.0,0.0,1.8299999999999272,0.0,0.0,0.0,0.0,0.0,0.0,507
36,843.0,0.0,0.0,0.0,0.0,0.0,0.0,0.0,0.0,508
37,0.0,32.5,0.0,0.0,32.5,0.0,0.0,0.0,0.0,509
38,262.0,0.0,0.0,0.0,0.0,0.0,0.0,0.0,0.0,509
39,126.0,0.0,0.0,0.0,0.0,0.0,0.0,0.0,0.0,511
40,376.5,2.5,0.0,0.0,2.5,0.0,0.0,0.0,0.0,513
41,0.0,0.0,0.0,0.0,0.0,0.0,0.0,0.0,0.0,513
42,200.5,17.5,0.0,0.5,10.0,0.0,0.0,0.25,0.0,514
43,134.0,16.5,5.0,0.0,1.0,15.0,0.0,6.799999999999272,0.0,514
44,10.0,1.0,0.0,0.0,1.0,0.0,0.0,0.3099999999994907,0.0,514
45,10.0,2.6700000000000728,0.0,2.5,1.0,0.0,0.0,0.2900000000008731,0.0,514
46,36.92000000000007,7.0,7.0,0.0,7.0,0.0,0.0,0.5799999999999272,0.0,514
47,152.0,0.0,0.0,0.0,0.0,0.0,0.0,0.0,0.0,515
48,0.0,11.5,0.0,0.0,11.5,0.0,0.0,0.0,0.0,516
49,0.0,0.0,0.0,0.0,0.0,0.0,0.0,0.0,0.0,516
50,230.0,6.5,5.670000000000073,0.0,4.0,0.0,0.0,10.0,0.0,517
51,156.0,1.0,0.0,0.5,1.0,0.0,0.0,5.5,0.0,517
52,64.5,4.0,0.0,3.0,3.0,0.0,0.0,3.0799999999999272,0.0,517
53,6.0,11.5,0.0,0.0,8.0,11.5,0.0,0.0,0.0,517
54,0.0,4.3400000000001455,0.0,0.0,4.170000000000073,4.3400000000001455,0.0,0.0,0.0,517
55,0.0,4.329999999999927,0.0,0.0,0.0,0.0,0.0,0.0,0.0,517
56,0.0,4.0,2.3299999999999272,0.0,2.5,0.0,0.0,0.0,0.0,517
57,0.0,1.5,1.1700000000000728,0.0,0.17000000000007276,0.0,0.0,0.0,0.0,517
58,0.0,7.5,0.0,0.0,15.0,0.0,0.0,0.0,0.0,518
59,0.0,17.5,17.5,0.0,17.5,0.0,0.0,0.0,0.0,518
60,0.0,0.0,0.0,0.0,0.0,0.0,0.0,0.0,0.0,518
61,396.0,0.0,0.0,0.0,0.0,0.0,0.0,0.0,0.0,519
62,398.0,7.0,0.0,0.0,7.0,0.0,0.0,0.0,0.0,521
63,127.5,10.5,0.0,0.0,10.5,0.0,0.0,3.9400000000005093,0.0,522
64,230.0,30.5,10.5,0.0,30.5,0.0,0.0,10.149999999999636,0.0,522
65,261.8299999999999,15.0,0.0,0.0,18.0,0.0,0.0,0.0,0.0,523
66,128.67000000000007,1.1700000000000728,1.0,0.17000000000007276,1.0,0.0,0.0,0.0,0.0,523
67,208.67000000000007,5.670000000000073,0.0,0.0,2.6700000000000728,0.0,0.0,0.0,0.0,523
68,92.5,4.5,0.0,0.0,9.0,0.0,0.0,0.0,0.0,523
69,243.5,19.0,0.0,5.0,16.0,0.0,0.0,0.0,0.0,524
70,17.0,3.8299999999999272,3.8299999999999272,0.0,2.25,0.0,0.0,1.1499999999996362,0.0,524
71,53.5,0.0,0.0,0.0,0.0,0.0,0.0,15.829999999999927,0.0,524
72,181.0,0.0,0.0,0.0,0.0,0.0,0.0,0.0,0.0,525
73,144.0,4.0,0.0,0.0,9.0,0.0,0.0,12.0,0.0,526
74,114.0,0.5,0.5,0.0,0.5,0.0,0.0,0.5,0.0,526
75,19.5,3.0,0.0,0.0,3.0,0.0,0.0,5.1599999999998545,0.0,526
76,0.0,0.0,0.0,0.0,0.0,0.0,0.0,0.0,0.0,526
77,0.0,0.0,0.0,0.0,0.0,0.0,0.0,0.0,0.0,526
78,0.0,0.0,0.0,0.0,0.0,0.0,0.0,0.0,0.0,526
79,130.5,0.0,0.0,0.0,0.0,0.0,0.0,5.0,0.0,527
80,281.0,11.0,0.0,0.0,32.5,0.0,0.0,80.75,0.0,528
81,61.0,0.0,0.0,0.0,0.0,0.0,0.0,7.350000000000364,0.0,528
82,114.5,7.5,0.0,0.0,12.5,0.0,0.0,0.0,0.0,529
83,0.0,6.5,0.0,0.0,6.5,0.0,0.0,0.0,0.0,529
84,0.0,4.0,0.0,0.0,4.0,0.0,0.0,0.0,0.0,529
85,0.0,0.0,0.0,0.0,0.0,0.0,0.0,0.0,0.0,529
86,0.0,3.0,0.0,0.0,3.0,0.0,0.0,0.0,0.0,529
87,0.0,0.0,0.0,0.0,0.0,0.0,0.0,0.0,0.0,529
88,0.0,6.0,0.0,0.0,0.0,0.0,0.0,0.0,0.0,529
89,122.0,21.5,0.0,8.75,0.5,0.0,0.0,0.0,0.0,530
90,0.0,13.5,13.5,7.0,13.5,0.0,0.0,0.0,0.0,530
91,0.0,21.0,0.0,0.0,0.0,0.0,0.0,0.0,0.0,530
92,0.0,8.799999999999272,2.0,0.0,0.75,0.0,0.0,0.0,0.0,530
93,0.0,10.820000000001528,0.6000000000003638,0.0,16.820000000001528,5.200000000000728,0.0,0.0,0.0,530
94,0.0,0.5,0.5,0.0,0.5,0.0,0.0,0.0,0.0,530
95,0.0,14.5,14.5,0.0,0.0,0.0,0.0,0.0,0.0,530
96,0.0,9.8799999999992,14.5,0.0,0.0,0.0,0.0,0.0,0.0,530
97,16.170000000000073,0.0,0.0,0.0,0.0,0.0,0.0,2.0,0.0,530
98,0.0,1.0,0.0,0.0,1.0,0.0,0.0,0.0,0.0,531
99,43.0,0.0,0.0,0.0,0.0,0.0,0.0,0.0,0.0,531
100,120.5,1.5,1.0,0.0,1.5,0.0,0.0,0.6700000000000728,0.0,548
101,0.0,1.0,0.5,0.0,0.0,0.0,0.0,0.0,0.0,548
102,0.0,0.17000000000007276,0.0,0.0,0.17000000000007276,0.0,0.0,0.0,0.0,548
103,0.0,0.32999999999992724,0.32999999999992724,0.0,0.0,0.0,0.0,0.0,0.0,548
104,0.0,0.0,0.0,0.0,0.0,0.0,0.0,0.0,0.0,548
105,0.0,0.0,0.0,0.0,0.0,0.0,0.0,0.0,0.0,548
106,0.0,0.0,0.0,0.0,0.0,0.0,0.0,0.0,0.0,548
107,122.5,0.0,0.0,0.0,0.0,0.0,0.0,0.0,0.0,548
108,0.0,0.0,0.0,0.0,0.0,0.0,0.0,0.0,0.0,548
109,0.0,0.0,0.0,0.0,0.0,0.0,0.0,0.0,0.0,548
110,0.0,0.0,0.0,0.0,0.0,0.0,0.0,0.0,0.0,548
111,168.0,0.0,0.0,0.0,0.0,0.0,0.0,0.0,0.0,549
112,0.0,0.25,0.25,0.0,0.5,0.0,0.0,0.0,0.0,549
113,0.0,0.5,0.0,0.0,0.0,0.0,0.0,0.0,0.0,549
114,0.0,0.17000000000007276,0.25,0.0,0.0,0.0,0.0,0.0,0.0,549
115,0.0,0.07999999999992724,0.07999999999992724,0.0,0.0,0.0,0.0,0.0,0.0,549
116,0.0,0.07999999999992724,0.07999999999992724,0.0,0.0,0.0,0.0,0.0,0.0,549
117,0.0,0.0,0.0,0.0,0.0,0.09999999999990905,0.0,0.0,0.0,549
118,0.0,0.2600000000002183,0.01999999999998181,0.0,0.0,0.7400000000002365,0.0,0.0,0.0,549
119,0.0,0.05999999999994543,0.0,0.0,0.0,0.0,0.0,0.0,0.0,549
120,0.0,0.0,0.0,0.0,0.0,0.0,0.0,0.0,0.0,549
121,0.0,0.8299999999999272,0.0,0.0,0.0,0.0,0.0,0.0,0.0,549
122,71.5,1.5,0.0,0.0,3.25,0.0,0.0,0.0,0.0,550
123,0.0,0.0,0.0,0.0,0.0,0.0,0.0,0.0,0.0,550
124,0.0,0.40000000000009095,0.0,0.0,0.5,0.0,0.0,0.0,0.0,550
125,0.0,1.099999999999909,1.099999999999909,0.0,0.0,0.09999999999990905,0.0,0.0,0.0,550
126,0.0,0.0,0.0,0.0,0.0,0.5,0.0,0.0,0.0,550
127,0.0,0.0,0.0,0.0,0.0,0.0,0.0,0.0,0.0,550
128,0.0,0.0,0.0,0.0,0.0,0.0,0.0,0.0,0.0,550
129,0.0,0.17000000000007276,0.0,0.0,0.25,0.0,0.0,0.0,0.0,550
130,0.0,0.0,0.0,0.0,0.0,0.0,0.0,0.0,0.0,550
131,0.0,0.17000000000007276,0.0,0.0,0.25,0.0,0.0,0.0,0.0,550
132,0.0,0.0,0.0,0.0,0.0,0.0,0.0,0.0,0.0,550
133,0.0,6.0,0.0,0.0,6.0,0.0,0.0,0.0,0.0,551
134,0.0,5.5,0.0,0.0,5.5,0.0,0.0,0.0,0.0,551
135,0.0,0.25,0.0,0.0,0.5,0.0,0.0,0.0,0.0,551
136,0.0,1.0,0.0,0.0,0.75,0.0,0.0,0.0,0.0,551
137,0.0,1.75,0.0,0.0,0.0,0.0,0.0,0.0,0.0,551
138,0.0,0.32999999999992724,0.25,0.0,0.32999999999992724,0.0,0.0,0.0,0.0,551
139,0.0,0.6700000000000728,0.17000000000007276,0.0,0.0,0.0,0.0,0.0,0.0,551
140,0.0,1.0,1.0,0.0,1.0,0.0,0.0,0.0,0.0,551
141,0.0,0.5,0.0,0.0,0.5,0.0,0.0,0.0,0.0,551
142,0.0,0.8299999999999272,0.0,0.0,0.8299999999999272,0.0,0.0,0.6399999999998727,0.0,551
143,0.0,0.0,0.0,0.0,0.0,0.0,0.0,0.0,0.0,551
144,0.0,15.0,0.0,0.0,15.0,0.0,0.0,0.0,0.0,552
145,0.0,0.0,0.0,0.0,0.0,0.0,0.0,0.0,0.0,552
146,0.0,0.0,0.0,0.0,0.0,0.0,0.0,0.0,0.0,552
147,0.0,8.25,0.0,0.0,8.25,0.0,0.0,0.0,0.0,552
148,0.0,0.0,0.0,0.0,0.0,0.0,0.0,0.0,0.0,552
149,0.0,0.0,0.0,0.0,0.0,0.0,0.0,0.0,0.0,552
150,0.0,5.5,0.0,0.0,15.5,0.0,0.0,0.0,0.0,552
151,0.0,0.0,0.0,0.0,0.0,0.0,0.0,0.0,0.0,552
152,534.0,0.0,0.0,0.0,0.0,0.0,0.0,0.0,0.0,552
153,0.0,10.5,0.0,7.75,3.0,0.0,0.0,0.0,0.0,553
154,0.0,0.0,0.0,0.0,0.0,0.0,0.0,0.0,0.0,553
155,120.5,2.25,0.0,0.0,2.5,0.0,0.0,0.0,0.0,553
156,0.0,0.75,0.75,0.0,1.0,0.0,0.0,0.0,0.0,553
157,0.0,0.5,0.17000000000007276,0.0,0.5,0.0,0.0,0.0,0.0,553
158,0.0,2.0,0.0,0.0,0.0,0.0,0.0,0.0,0.0,553
159,0.0,0.40000000000009095,0.0,0.0,0.5700000000001637,0.0,0.0,0.0,0.0,553
160,0.0,0.03999999999996362,0.0,0.0,0.0,0.0,0.0,0.0,0.0,553
161,0.0,0.0,0.0,0.0,0.0,0.0,0.0,0.0,0.0,553
162,0.0,0.8099999999999454,0.0,0.0,0.0,0.0,0.0,0.0,0.0,553
163,279.0,1.5,0.0,0.0,0.0,0.0,0.0,0.0,0.0,554
164,0.0,0.0,0.0,0.0,0.0,0.0,0.0,0.0,0.0,554
165,0.0,0.5,0.09999999999990905,0.1999999999998181,0.5,0.0,0.0,0.0,0.0,554
166,0.0,0.0,0.0,0.0,0.17000000000007276,0.0,0.0,0.0,0.0,554
167,0.0,0.17000000000007276,0.0,0.0,0.17000000000007276,0.0,0.0,0.0,0.0,554
168,0.0,0.0,0.0,0.0,0.03999999999996362,0.0,0.0,0.0,0.0,554
169,0.0,0.32999999999992724,0.0,0.0,0.0,0.0,0.0,0.0,0.0,554
170,0.0,0.0,0.0,0.0,0.0,0.0,0.0,0.0,0.0,554
171,0.0,0.0,0.0,0.0,0.0,0.0,0.0,0.0,0.0,554
172,85.0,1.5,0.0,1.5,1.0,0.0,0.0,0.19000000000005457,0.0,555
173,5.0,0.5,0.0,0.0,0.75,0.0,0.0,0.0,0.0,555
174,0.0,0.25,0.0,0.0,0.25,0.0,0.0,0.0,0.0,555
175,0.0,0.25,0.0,0.0,0.0,0.0,0.0,0.0,0.0,555
176,0.0,0.0,0.0,0.0,0.0,0.0,0.0,0.0,0.0,555
177,0.0,0.0,0.0,0.0,0.0,0.0,0.0,0.0,0.0,555
178,0.0,0.0,0.0,0.0,0.0,0.0,0.0,0.0,0.0,555
179,0.0,0.5,0.0,0.0,0.0,0.0,0.0,0.0,0.0,555
180,0.0,0.0,0.0,0.0,0.0,0.0,0.0,0.0,0.0,555
181,0.0,0.0,0.0,0.0,0.0,0.0,0.0,0.0,0.0,555
182,109.0,0.0,0.0,0.0,0.0,0.0,0.0,0.0,0.0,556
183,0.0,2.5,0.0,2.0,2.0,0.0,0.0,0.0,0.0,557
184,0.0,0.25,0.0,0.0,0.25,0.0,0.0,0.0,0.0,557
185,0.0,0.75,0.0,0.0,0.25,0.0,0.0,0.0,0.0,557
186,13.0,0.0,0.0,0.0,0.0,0.0,0.0,0.0,0.0,557
187,0.5,0.17000000000007276,0.0,0.0,0.17000000000007276,0.0,0.0,0.0,0.0,557
188,0.0,0.25,0.25,0.0,0.25,0.0,0.0,0.0,0.0,557
189,0.0,0.25,0.07999999999992724,0.0,0.0,0.0,0.0,0.0,0.0,557
190,0.0,0.0,0.0,0.0,0.0,0.0,0.0,0.0,0.0,557
191,0.0,1.0,0.0,0.0,1.0,0.0,0.0,0.0,0.0,558
192,0.0,2.5,0.0,0.0,2.5,0.0,0.0,0.0,0.0,558
193,0.0,0.0,0.0,0.0,0.0,0.0,0.0,0.0,0.0,558
194,0.0,2.0,0.0,0.0,2.0,0.0,0.0,0.0,0.0,558
195,0.0,1.1700000000000728,0.0,0.0,1.400000000000091,0.0,0.0,0.0,0.0,558
196,0.0,0.32999999999992724,0.0,0.0,0.32999999999992724,0.0,0.0,0.0,0.0,558
197,0.0,0.5,0.0,0.0,0.5,0.0,0.0,0.0,0.0,558
198,0.0,0.5,0.0,0.0,0.0,0.0,0.0,0.0,0.0,558
199,0.0,0.0,0.0,0.0,0.6399999999998727,0.0,0.0,0.0,0.0,558
200,0.0,0.6999999999998181,0.6999999999998181,0.0,0.6999999999998181,0.0,0.0,0.0,0.0,558
201,0.0,2.800000000000182,3.4200000000000728,0.0,0.0,0.0,0.0,0.0,0.0,558
202,0.0,9.0,0.0,0.0,14.0,0.0,0.0,0.0,0.0,559
203,0.0,1.6700000000000728,0.0,0.0,2.5,0.0,0.0,0.0,0.0,559
204,0.0,0.5799999999999272,0.0,0.0,0.0,0.0,0.0,0.0,0.0,559
205,0.0,2.75,0.0,0.0,2.75,0.0,0.0,0.0,0.0,559
206,0.0,0.0,0.0,0.0,0.0,0.0,0.0,0.0,0.0,559
207,0.0,1.0,0.0,0.0,1.0,0.0,0.0,0.0,0.0,559
208,0.0,0.0,0.0,0.0,0.0,0.0,0.0,0.0,0.0,559
209,0.0,0.0,0.0,0.0,0.0,0.0,0.0,0.0,0.0,559
210,0.0,0.0,0.0,0.0,0.0,0.0,0.0,0.0,0.0,559
211,0.0,0.0,0.0,0.0,0.0,0.0,0.0,0.0,0.0,559
212,0.0,0.0,0.0,0.0,0.0,0.0,0.0,0.0,0.0,559
213,109.5,1.5,0.0,0.0,2.0,0.0,0.0,0.0,0.0,560
214,0.0,0.5,0.0,0.0,0.5,0.0,0.0,0.0,0.0,560
215,0.0,0.25,0.25,0.0,0.25,0.0,0.0,0.0,0.0,560
216,0.0,0.25,0.25,0.0,0.0,0.0,0.0,0.0,0.0,560
217,0.11999999999989086,0.09999999999990905,0.0,0.0,0.09999999999990905,0.0,0.0,0.0,0.0,560
218,0.0,0.24000000000023647,0.07000000000016371,0.0,0.0,0.0,0.0,0.0,0.0,560
219,0.0,0.07999999999992724,0.0,0.0,0.07999999999992724,0.0,0.0,0.0,0.0,560
220,97.0,0.5,0.0,0.0,1.0,0.0,0.0,0.0,0.0,561
221,0.0,8.0,0.0,0.0,8.0,0.0,0.0,0.0,0.0,561
222,0.5,0.5,0.0,0.0,0.5,0.0,0.0,0.0,0.0,561
223,0.0,0.0,0.0,0.0,0.0,0.0,0.0,0.0,0.0,561
224,0.0,0.5,0.25,0.0,0.0,0.0,0.0,0.0,0.0,561
225,0.0,0.5,0.0,0.0,0.5,0.0,0.0,0.0,0.0,561
226,0.0,0.0,0.0,0.0,0.0,0.0,0.0,0.0,0.0,561
227,0.0,0.0,0.0,0.0,0.0,0.0,0.0,0.0,0.0,561
228,0.0,0.5,0.0,0.0,0.75,0.0,0.0,0.0,0.0,561
229,0.0,0.17000000000007276,0.0,0.0,0.17000000000007276,0.0,0.0,0.0,0.0,561
230,0.0,0.07999999999992724,0.32999999999992724,0.0,0.0,0.32999999999992724,0.0,0.0,0.0,561
231,0.0,1.5,0.0,0.0,0.5,0.0,0.0,0.0,0.0,562
232,187.0,0.25,0.0,0.0,0.25,0.0,0.0,0.0,0.0,562
233,127.0,0.0,0.0,0.0,0.0,0.0,0.0,0.0,0.0,562
234,553.0,0.0,0.0,0.0,0.0,0.0,0.0,0.0,0.0,562
235,17.0,0.0,0.0,0.0,0.0,0.0,0.0,0.0,0.0,562
236,1.0,0.0,0.0,0.0,0.0,0.0,0.0,0.0,0.0,562
237,0.0,0.0,0.0,0.0,0.0,0.0,0.0,0.0,0.0,562
238,794.5,1.5,1.5,0.0,1.5,1.5,0.0,0.0,0.0,563
239,65.0,0.0,0.0,0.0,0.0,0.0,0.0,0.0,0.0,563
240,0.0,2.5,0.0,0.0,4.0,0.0,0.0,0.0,0.0,564
241,0.0,1.0,0.0,0.0,2.0,0.0,0.0,0.0,0.0,564
242,0.0,0.5,0.17000000000007276,0.0,0.5,0.0,0.0,0.0,0.0,564
243,0.0,0.5,0.0,0.0,0.5,0.0,0.0,0.0,0.0,564
244,93.0,0.5,0.0,0.0,0.5,0.0,0.0,0.0,0.0,564
245,0.0,0.25,0.4099999999998545,0.0,0.0,0.0,0.0,0.0,0.0,564
246,0.0,0.5799999999999272,0.0,0.0,0.0,0.5799999999999272,0.0,0.0,0.0,564
247,0.0,0.42000000000007276,0.0,0.0,0.0,0.0,0.0,0.0,0.0,564
248,217.5,4.5,0.0,2.0,2.0,0.0,0.0,2.0,0.0,565
249,174.5,0.5,0.0,0.0,0.5,0.0,0.0,0.0,0.0,565
250,654.0,0.5,0.0,0.17000000000007276,0.0,0.0,0.0,0.0,0.0,565
251,26.88000000000011,0.0,0.0,0.0,0.0,0.0,0.0,0.0,0.0,565
252,0.0,0.0,0.0,0.0,0.0,0.0,0.0,0.0,0.0,565
253,0.0,0.0,0.0,0.0,0.0,0.0,0.0,0.0,0.0,565
254,0.0,0.5,0.5,0.0,0.0,0.0,0.0,0.0,0.0,565
255,0.0,0.0,0.0,0.0,0.0,0.0,0.0,0.0,0.0,565
256,0.0,4.5,0.0,0.0,15.170000000000073,0.0,0.0,0.0,0.0,566
257,0.0,4.0,0.0,0.0,8.0,0.0,0.0,0.0,0.0,566
258,0.0,4.0,0.0,0.0,0.0,0.0,0.0,0.0,0.0,566
259,0.0,4.5,0.0,0.0,11.25,0.0,0.0,0.0,0.0,566
260,0.0,7.0,2.3299999999999272,0.0,11.5,0.0,0.0,0.0,0.0,566
261,0.0,0.0,0.0,0.0,0.0,0.0,0.0,0.0,0.0,566
262,0.0,1.0,0.0,0.0,1.0,0.0,0.0,0.0,0.0,566
263,0.0,1.0,0.0,0.0,1.0,0.0,0.0,0.0,0.0,566
264,0.0,0.75,0.0,0.0,0.75,0.0,0.0,0.0,0.0,566
265,0.0,0.0,0.0,0.0,0.0,0.0,0.0,0.0,0.0,566
266,0.0,0.0,0.0,0.0,0.0,0.0,0.0,0.0,0.0,566
267,942.5,0.0,0.0,0.0,0.0,0.0,0.0,0.0,0.0,567
268,0.0,2.5,0.0,0.5,2.0,0.0,0.0,0.0,0.0,568
269,97.0,0.25,0.0,0.0,0.5,0.0,0.0,0.17000000000007276,0.0,568
270,0.0,1.0,0.0,0.0,1.0,0.0,0.0,0.0,0.0,568
271,0.0,1.0,0.0,0.0,1.0,0.0,0.0,0.0,0.0,568
272,0.0,0.0,0.0,0.0,0.0,0.0,0.0,0.0,0.0,568
273,0.0,0.5,0.0,0.0,0.0,0.0,0.0,0.0,0.0,568
274,0.0,0.0,0.0,0.0,0.0,0.0,0.0,0.0,0.0,568
275,0.0,0.0,0.0,0.0,0.0,0.0,0.0,0.0,0.0,568
276,0.0,0.5,0.0,0.0,0.5,0.0,0.0,0.0,0.0,568
277,0.0,0.0,0.0,0.0,0.0,0.0,0.0,0.0,0.0,568
278,0.0,0.25,0.0,0.0,0.0,0.0,0.0,0.0,0.0,568
279,0.0,42.5,0.0,0.0,42.5,0.0,0.0,0.0,0.0,569
280,0.0,3.5,0.0,0.0,3.5,0.0,0.0,0.0,0.0,569
281,0.0,0.0,0.0,0.0,0.0,0.0,0.0,0.0,0.0,569
282,0.0,0.0,0.0,0.0,0.0,0.0,0.0,0.0,0.0,569
283,0.0,0.0,0.0,0.0,0.0,0.0,0.0,0.0,0.0,569
284,0.0,0.0,2.3400000000001455,0.0,6.420000000000073,0.0,0.0,0.0,0.0,569
285,0.0,0.0,0.0,0.0,0.0,0.0,0.0,0.0,0.0,569
286,0.0,0.0,0.0,0.0,3.849999999999909,0.0,0.0,0.0,0.0,569
287,0.0,0.0,0.0,0.0,2.519999999999982,0.0,0.0,0.0,0.0,569
288,97.67000000000007,0.5,0.0,0.0,0.5,0.0,0.0,0.0,0.0,570
289,0.0,0.0,0.0,0.0,0.0,0.0,0.0,0.0,0.0,570
290,0.0,0.0,0.0,0.0,0.0,0.0,0.0,0.0,0.0,570
291,0.0,0.25,0.0,0.0,0.5,0.0,0.0,0.0,0.0,570
292,0.0,0.25,0.25,0.0,0.25,0.0,0.0,0.0,0.0,570
293,0.0,0.0,0.0,0.0,0.0,0.0,0.0,0.0,0.0,570
294,0.0,0.0,0.0,0.0,0.0,0.0,0.0,0.0,0.0,570
295,0.0,0.0,0.0,0.0,0.5,0.0,0.0,0.0,0.0,570
296,0.0,0.25,0.0,0.0,0.6700000000000728,0.0,0.0,0.0,0.0,570
297,0.0,0.07999999999992724,0.05999999999994543,0.0,0.0,0.0,0.0,0.0,0.0,570
298,188.0,0.5,0.5,0.25,0.0,0.0,0.0,0.0,0.0,571
299,0.25,0.5,0.0,0.0,0.5,0.0,0.0,0.0,0.0,571
300,0.0,2.0,0.0,0.0,2.0,0.0,0.0,0.0,0.0,572
301,0.0,0.0,0.0,0.0,0.0,0.0,0.0,0.0,0.0,572
302,0.0,0.25,0.0,0.0,0.25,0.0,0.0,0.0,0.0,572
303,0.0,0.25,0.25,0.0,0.5799999999999272,0.0,0.0,0.0,0.0,572
304,0.0,0.5,0.0,0.0,0.5,0.0,0.0,0.0,0.0,572
305,0.0,1.0,0.0,0.0,0.0,0.0,0.0,0.0,0.0,572
306,0.0,0.5,0.0,0.0,0.5,0.0,0.0,0.0,0.0,572
307,0.0,0.0,0.0,0.0,0.0,0.0,0.0,0.0,0.0,572
308,0.0,0.0,0.0,0.0,0.32999999999992724,0.0,0.0,0.0,0.0,572
309,0.0,0.09999999999990905,0.0,0.0,0.0,0.0,0.0,0.0,0.0,572
310,0.0,0.900000000000091,0.0,0.0,0.0,0.0,0.0,0.0,0.0,572
311,150.5,1.5,0.0,1.5,0.5,0.0,0.0,0.2999999999999545,0.0,573
312,0.0,1.0,1.0,0.0,1.0,0.0,0.0,0.0,0.0,573
313,0.0,0.0,0.0,0.0,0.0,0.0,0.0,0.0,0.0,573
314,0.0,0.0,0.0,0.0,0.0,0.0,0.0,0.0,0.0,573
315,0.0,0.5,0.0,0.0,0.5,0.0,0.0,0.0,0.0,573
316,0.25,0.17000000000007276,0.0,0.0,0.17000000000007276,0.0,0.0,0.01999999999998181,0.0,573
317,0.0,0.0,0.0,0.0,0.0,0.0,0.0,0.0,0.0,573
318,0.3000000000001819,0.5,0.0,0.0,0.5,0.0,0.0,0.0,0.0,573
319,161.5,0.0,0.0,0.0,0.0,0.0,0.0,0.0,0.0,574
320,198.5,1.0,0.0,0.0,1.0,1.0,0.0,0.0,0.0,575
321,0.0,0.0,0.0,0.0,0.0,0.0,0.0,0.0,0.0,575
322,186.5,0.0,0.0,0.0,0.0,0.0,0.0,0.0,0.0,575
323,98.5,0.0,0.0,0.0,0.0,0.0,0.0,0.0,0.0,575
324,0.0,3.0,0.0,0.0,3.0,0.0,0.0,0.0,0.0,576
325,0.0,0.5,0.0,0.0,0.5,0.0,0.0,0.0,0.0,576
326,0.0,7.0,0.0,0.0,17.829999999999927,0.0,0.0,0.0,0.0,576
327,0.0,0.5,0.0,0.0,0.5,0.0,0.0,0.0,0.0,576
328,0.0,19.5,0.0,0.0,0.0,0.0,0.0,0.0,0.0,576
329,0.0,0.25,0.0,0.0,0.25,0.0,0.0,0.0,0.0,576
330,0.0,0.0,0.0,0.0,0.0,0.0,0.0,0.0,0.0,576
331,0.0,0.0,0.0,0.0,0.0,0.0,0.0,0.0,0.0,576
332,0.0,0.0,0.0,0.0,0.0,0.0,0.0,0.0,0.0,576
333,0.0,0.0,0.0,0.0,0.0,0.0,0.0,0.0,0.0,576
334,0.0,0.0,0.0,0.0,0.0,0.0,0.0,0.0,0.0,576
335,0.0,1.0,0.0,0.0,1.0,0.0,0.0,0.0,0.0,577
336,0.0,0.5,0.0,0.0,1.75,0.0,0.0,0.0,0.0,577
337,0.0,1.5,1.0,0.0,1.5,0.0,0.0,0.0,0.0,577
338,0.0,0.25,0.0,0.0,0.25,0.0,0.0,0.0,0.0,577
339,0.0,0.42000000000007276,0.0,0.0,0.42000000000007276,0.0,0.0,0.0,0.0,577
340,0.0,0.32999999999992724,0.0,0.0,0.32999999999992724,0.0,0.0,0.0,0.0,577
341,0.0,0.0,0.0,0.0,2.0,0.0,0.0,0.0,0.0,577
342,0.0,0.5,0.0,0.0,0.5,0.0,0.0,0.0,0.0,577
343,0.0,1.5,1.5,0.0,0.8800000000001091,0.0,0.0,0.0,0.0,577
344,0.0,0.0,0.0,0.0,0.0,0.0,0.0,0.0,0.0,577
345,0.0,0.25,0.0,0.0,0.32999999999992724,0.0,0.0,0.0,0.0,577
346,0.0,1.0,0.0,0.0,1.0,0.0,0.0,0.0,0.0,578
347,0.0,0.5,0.0,0.0,0.5,0.0,0.0,0.0,0.0,578
348,0.0,0.5,0.0,0.0,0.5,0.0,0.0,0.0,0.0,578
349,0.0,0.0,0.0,0.0,0.0,0.0,0.0,2.0,0.0,578
350,0.0,7.0,0.0,0.0,7.0,0.0,0.0,0.0,0.0,578
351,0.0,0.0,0.0,0.0,0.0,0.0,0.0,0.0,0.0,578
352,0.0,0.0,0.0,0.0,0.0,0.0,0.0,1.1700000000000728,0.0,578
353,0.0,0.0,0.0,0.0,0.0,0.0,0.0,0.0,0.0,578
354,0.0,0.0,0.0,0.0,0.0,0.0,0.0,0.0,0.0,578
355,384.0,0.0,0.0,0.0,0.0,0.0,0.0,4.199999999999818,0.0,578
356,1105.5,3.5,1.0,0.0,1.0,1.5,0.0,0.0,0.0,579
357,70.5,0.0,0.0,0.0,0.0,0.0,0.0,0.0,0.0,579
358,128.0,1.0,0.0,1.0,0.0,0.0,0.0,0.0,0.0,580
359,1.5,2.0,1.5,1.0,1.5,1.0,0.0,0.0,0.0,580
360,0.0,1.5,0.17000000000007276,0.0,0.0,0.0,0.0,0.0,0.0,580
361,0.0,0.0,0.0,0.0,0.0,0.0,0.0,0.0,0.0,580
362,0.0,0.5,0.0,0.0,0.5,0.0,0.0,0.0,0.0,580
363,0.0,0.0,0.0,0.0,0.0,0.0,0.0,0.0,0.0,580
364,0.0,0.0,0.0,0.0,0.0,0.0,0.0,0.0,0.0,580
365,0.0,0.0,0.0,0.0,0.0,0.0,0.0,0.0,0.0,580
366,0.0,0.0,0.0,0.0,0.0,0.0,0.0,0.0,0.0,581
367,0.0,2.0,0.0,0.0,2.0,0.0,0.0,0.0,0.0,581
368,0.0,1.0,0.0,0.0,1.0,0.0,0.0,0.0,0.0,581
369,0.0,0.5,0.0,0.0,0.5,0.0,0.0,0.0,0.0,581
370,0.0,2.5,0.0,0.0,0.0,0.0,0.0,0.0,0.0,581
371,0.0,1.0,0.0,0.0,2.0,0.0,0.0,0.0,0.0,581
372,97.5,1.0,0.0,0.0,2.0,0.0,0.0,0.0,0.0,581
373,0.0,0.5,0.0,0.0,0.0,0.5,0.0,0.0,0.0,582
374,0.0,7.5,0.0,0.0,7.5,0.0,0.0,0.0,0.0,582
375,0.0,0.5,0.0,0.0,0.5,0.0,0.0,0.0,0.0,582
376,0.0,4.0,0.0,0.0,4.0,0.0,0.0,0.0,0.0,582
377,0.0,0.0,0.0,0.0,0.0,0.0,0.0,0.0,0.0,582
378,0.0,0.5,0.0,0.0,0.5,0.0,0.0,0.0,0.0,582
379,0.0,0.75,0.0,0.0,0.75,0.0,0.0,0.0,0.0,582
380,0.0,0.0,0.0,0.0,0.0,0.0,0.0,0.0,0.0,582
381,0.0,0.5,0.0,0.0,0.0,0.0,0.0,0.0,0.0,582
382,0.0,1.5,1.5,0.0,1.5,0.0,0.0,0.0,0.0,582
383,0.0,1.5,0.0,0.0,4.329999999999927,0.0,0.0,0.0,0.0,582
384,82.25,3.5,1.5,2.0,1.5,0.0,0.0,7.389999999999418,0.0,596
385,7.25,0.0,3.5799999999999272,0.0,0.0,0.0,0.0,0.0,0.0,596
386,0.0,14.55999999999949,11.5,0.0,7.790000000000873,0.0,0.0,0.0,0.0,596
387,0.0,0.0,0.0,0.0,0.0,0.0,0.0,0.0,0.0,596
388,0.0,1.75,2.0,0.0,0.0,0.0,0.0,0.0,0.0,596
389,0.0,5.579999999999927,5.8700000000008,0.0,0.0,0.0,0.0,0.0,0.0,596
390,0.0,0.0,0.0,0.0,0.0,0.0,0.0,0.0,0.0,597
391,418.6700000000001,0.0,0.0,0.0,0.0,0.0,0.0,0.0,0.0,598
392,115.0,0.0,0.0,0.0,0.0,0.0,0.0,0.0,0.0,599
393,34.5,2.5,0.0,0.0,2.5,0.0,0.0,1.3299999999999272,0.0,600
394,64.0,0.0,0.0,0.0,0.0,0.0,0.0,0.0,0.0,600
395,8.0,0.0,0.0,0.0,0.0,0.0,0.0,0.0,0.0,600
396,11.0,0.0,0.0,0.0,0.0,0.0,0.0,0.0,0.0,600
397,145.5,60.5,0.0,6.0,0.5,5.0,0.0,7.700000000000728,0.0,601
398,30.0,5.329999999999927,0.0,1.6200000000008004,3.5,0.0,0.0,8.0,0.0,601
399,16.0,0.0,0.0,0.0,0.0,0.0,0.0,0.0,0.0,601
400,93.0,0.0,0.0,0.0,0.0,0.0,0.0,0.0,0.0,601
401,3.5,2.0,1.0,1.0,0.0,0.0,0.0,0.0,0.0,601
402,1.0,2.5,0.0,0.0,0.0,0.0,0.0,0.0,0.0,601
403,0.0,0.12999999999919964,0.0,0.0,0.12999999999919964,0.0,0.0,0.0,0.0,601
404,0.0,0.2400000000016007,0.0,0.0,0.0,0.0,0.0,0.0,0.0,601
405,349.0,0.0,0.0,0.0,0.0,0.0,0.0,0.0,0.0,602
406,49.0,5.0,0.0,0.0,5.0,0.0,0.0,0.0,0.0,603
407,152.0,0.0,0.0,0.0,0.0,0.0,0.0,0.0,0.0,604
408,327.5,6.0,0.0,0.0,6.0,0.0,0.0,6.0,0.0,605
409,0.0,8.0,8.5,0.0,1.0,0.0,0.0,0.0,0.0,605
410,9.0,5.5,7.5,0.0,5.5,0.0,0.0,0.0,0.0,605
411,0.0,1.5,4.5,0.0,1.5,0.0,0.0,0.0,0.0,605
412,0.0,4.5,4.5,0.0,0.0,0.0,0.0,0.0,0.0,605
413,0.0,4.0,0.0,0.0,0.0,0.0,0.0,0.0,0.0,605
414,0.0,2.069999999999709,0.0,0.0,2.5,0.0,0.0,0.0,0.0,605
415,0.0,0.43000000000029104,0.43000000000029104,0.0,0.0,0.0,0.0,0.0,0.0,605
416,0.0,5.0,0.0,0.0,5.0,0.0,0.0,0.0,0.0,605
417,0.0,0.0,1.0,0.0,0.0,0.0,0.0,0.0,0.0,605
418,31.0,5.0,0.0,0.0,5.0,0.0,0.0,4.5,0.0,606
419,48.0,1.5,0.0,0.0,3.0,0.0,0.0,0.0,0.0,606
420,291.0,0.0,0.0,0.0,0.0,0.0,0.0,0.0,0.0,607
421,72.5,45.5,0.0,9.0,6.0,0.0,0.0,4.059999999999491,0.0,608
422,23.75,5.0,0.0,5.0,1.5,0.0,0.0,0.0,0.0,608
423,0.0,5.0,0.0,0.0,0.0,0.0,0.0,0.0,0.0,608
424,0.0,7.0,7.0,0.0,0.0,0.0,0.0,0.0,0.0,608
425,2.25,0.0,0.0,0.0,0.0,0.0,0.0,0.0,0.0,608
426,104.0,30.5,0.0,5.5,28.5,0.0,0.0,11.0,0.0,609
427,42.75,5.5,0.0,0.0,8.25,0.0,0.0,0.5799999999999272,0.0,609
428,0.0,22.579999999999927,0.5,0.0,0.0,0.0,0.0,0.0,0.0,609
429,0.0,8.329999999999927,4.0,0.0,6.5,0.0,0.0,0.0,0.0,609
430,0.0,14.920000000000073,1.75,0.0,0.0,0.0,0.0,0.0,0.0,609
431,0.0,2.75,2.75,0.0,0.75,0.0,0.0,0.0,0.0,609
432,0.0,3.75,3.0,0.0,0.0,0.0,0.0,0.0,0.0,609
433,0.0,2.3299999999999272,2.3299999999999272,0.0,0.0,0.0,0.0,0.0,0.0,609
434,0.0,3.1700000000000728,3.1700000000000728,0.0,0.0,0.0,0.0,0.0,0.0,609
435,0.0,0.0,0.9200000000000728,0.0,0.0,0.0,0.0,0.0,0.0,609
436,33.0,0.0,0.0,0.0,0.0,0.0,0.0,0.0,0.0,610
437,268.0,0.0,0.0,0.0,0.0,0.0,0.0,0.0,0.0,611
438,289.0,0.0,0.0,0.0,0.0,0.0,0.0,0.0,0.0,613
439,287.0,0.0,0.0,0.0,0.0,0.0,0.0,0.0,0.0,614
440,0.0,0.0,0.0,0.0,0.0,0.0,0.0,0.0,0.0,615
441,4.0,0.0,0.0,0.0,0.0,0.0,0.0,0.0,0.0,617
442,210.5,12.0,0.0,0.0,10.0,0.0,0.0,22.829999999999927,0.0,618
443,72.82999999999993,6.5,0.0,0.0,0.0,0.0,0.0,11.25,0.0,618
444,1.3400000000001455,28.5,1.6700000000000728,13.170000000000073,0.0,0.0,0.0,0.0,0.0,618
445,0.0,3.820000000001528,1.2800000000006548,0.0,0.0,0.0,0.0,0.0,0.0,618
446,0.0,4.8799999999992,0.8399999999983265,0.0,4.709999999999127,0.0,0.0,0.0,0.0,618
447,0.0,5.75,0.0,0.0,4.9099999999998545,0.0,0.0,0.0,0.0,618
448,0.0,4.4099999999998545,0.7299999999995634,0.0,2.0,0.0,0.0,0.0,0.0,618
449,0.0,1.0900000000001455,1.6700000000000728,0.0,0.0,0.0,0.0,0.0,0.0,618
450,0.0,1.1599999999998545,3.0799999999999272,0.0,0.15999999999985448,0.0,0.0,0.0,0.0,618
451,403.5,0.0,0.0,0.0,0.0,0.0,0.0,0.0,0.0,619
452,72.0,10.5,8.5,0.0,21.0,0.0,0.0,0.0,0.0,620
453,32.11999999999989,0.0,0.0,0.0,0.0,0.0,0.0,2.5,0.0,620
454,0.0,0.0,0.0,0.0,0.0,0.0,0.0,0.0,0.0,621
455,157.5,10.5,0.0,0.0,10.5,0.0,0.0,0.0,0.0,622
456,50.5,8.25,0.0,7.25,5.75,0.0,0.0,1.6700000000000728,0.0,622
457,7.5,6.5,5.600000000000364,3.1200000000008004,5.600000000000364,0.0,0.0,0.0,0.0,622
458,0.0,4.5,4.3700000000008,0.0,0.0,0.0,0.0,0.0,0.0,622
459,0.0,0.9200000000000728,1.9200000000000728,0.0,0.0,0.0,0.0,0.0,0.0,622
460,0.0,1.8299999999999272,3.3299999999999272,0.0,0.0,0.0,0.0,0.0,0.0,622
461,0.0,0.0,0.0,0.0,0.0,0.0,0.0,0.0,0.0,622
462,0.0,3.5,1.0,0.0,4.329999999999927,0.0,0.0,0.0,0.0,622
463,0.0,0.32999999999992724,0.32999999999992724,0.0,0.0,0.0,0.0,0.0,0.0,622
464,0.0,2.0,0.0,0.0,2.0,0.0,0.0,0.0,0.0,622
465,0.0,0.0,3.0,0.0,0.0,0.0,0.0,0.0,0.0,622
466,374.5,3.5,3.0,0.0,12.0,0.0,0.0,0.0,0.0,624
467,80.5,7.0,5.0,0.0,7.0,0.0,0.0,4.3799999999992,0.0,624
468,9.329999999999927,2.5799999999999272,2.5799999999999272,0.0,0.25,0.0,0.0,0.0,0.0,624
469,2.9200000000000728,1.8999999999996362,2.25,0.0,0.5,0.75,0.0,0.0,0.0,624
470,0.0,0.07999999999992724,0.0,0.0,0.0,0.0,0.0,0.0,0.0,624
471,159.25,21.5,0.0,0.0,21.5,0.0,0.0,7.5,0.0,625
472,9.5,5.5,0.0,0.0,5.5,0.0,0.0,0.0,0.0,625
473,48.399999999999636,0.0,0.0,0.0,0.0,0.0,0.0,0.75,0.0,625
474,68.0,25.5,0.0,3.75,2.6700000000000728,0.0,0.0,0.0,0.0,626
475,7.5,14.170000000000073,0.0,13.299999999999272,0.0,0.0,0.0,0.0,0.0,626
476,26.670000000000073,21.5,0.0,0.0,0.0,0.0,0.0,0.0,0.0,626
477,0.0,0.32999999999992724,0.12000000000080036,0.0,0.0,0.0,0.0,0.0,0.0,626
478,0.0,1.5,1.5,0.0,0.17000000000007276,0.0,0.0,0.0,0.0,626
479,0.0,42.0,0.0,42.0,19.0,0.0,0.0,0.0,0.0,627
480,0.0,30.5,0.0,25.5,5.0,0.0,0.0,0.0,0.0,627
481,0.0,77.5,7.75,37.0,20.38000000000011,0.0,0.0,0.0,0.0,627
482,0.0,5.0,0.0,5.0,0.0,0.0,0.0,0.0,0.0,627
483,0.0,16.5,6.0,11.75,30.170000000000073,0.0,0.0,0.0,0.0,627
484,0.0,43.75,18.170000000000073,11.5,0.0,0.0,0.0,0.0,0.0,627
485,0.0,14.75,4.130000000000109,0.0,1.5,0.0,0.0,0.0,0.0,627
486,0.0,15.88000000000011,5.25,1.6700000000000728,0.0,0.0,0.0,0.0,0.0,627
487,0.0,7.119999999999891,0.0,0.0,0.0,0.0,0.0,0.0,0.0,627
488,0.0,35.77000000000044,0.0,0.0,0.0,0.0,0.0,0.0,0.0,627
489,0.0,16.289999999999964,0.8499999999994543,0.0,9.229999999999563,0.0,0.0,0.0,0.0,627
490,207.5,3.0,0.0,0.0,5.5,0.0,0.0,0.0,0.0,628
491,31.0,6.0,1.5,5.0,3.8299999999999272,0.0,0.0,0.0,0.0,629
492,29.5,11.5,17.5,8.329999999999927,16.0,0.0,0.0,0.0,0.0,629
493,17.0,1.5,1.5,0.0,0.0,0.0,0.0,0.22999999999956344,0.0,629
494,0.0,5.5,2.5,2.5,2.5,0.0,0.0,0.0,0.0,630
495,90.0,10.0,10.0,10.0,12.0,0.0,0.0,0.0,0.0,630
496,254.75,16.5,0.0,0.25,17.5,0.0,0.0,0.0,0.0,646
497,85.0,12.5,3.0,0.6700000000000728,3.0,0.0,0.0,0.0,0.0,646
498,5.75,12.319999999999709,0.75,1.8299999999999272,3.0,0.0,0.0,0.0,0.0,646
499,0.0,10.329999999999927,11.079999999999927,0.15999999999985448,4.829999999999927,0.0,0.0,0.0,0.0,646
500,4.5,6.25,6.75,0.0,0.0,0.0,0.0,0.0,0.0,646
501,4.229999999999563,8.229999999999563,6.100000000000364,0.0,6.899999999999636,0.0,0.0,0.0,0.0,646
502,0.0,4.75,4.75,0.0,0.0,0.0,0.0,0.0,0.0,646
503,223.0,1.5,0.0,0.0,1.5,0.0,0.0,126.5,0.0,647
504,33.5,2.0,0.0,0.0,4.0,0.0,0.0,2.0,0.0,647
505,37.0,3.6700000000000728,1.8299999999999272,0.0,3.6700000000000728,0.0,0.0,0.0,0.0,647
506,43.70999999999913,3.3299999999999272,3.3299999999999272,0.0,0.0,0.0,0.0,0.0,0.0,647
507,9.0,2.5799999999999272,2.0,1.6700000000000728,1.75,0.0,0.0,0.0,0.0,647
508,72.0,3.6700000000000728,3.1700000000000728,0.0,0.0,0.0,0.0,0.0,0.0,647
509,0.0,4.920000000000073,0.0,0.0,0.0,0.0,0.0,0.0,0.0,647
510,0.0,5.1299999999992,3.3299999999999272,1.2000000000007276,0.0,0.6599999999998545,0.0,0.0,0.0,647
511,0.0,3.2000000000007276,3.2000000000007276,0.0,0.0,0.0,0.0,0.0,0.0,647
512,0.0,6.0,0.0,0.0,5.0,0.0,0.0,0.0,0.0,647
513,77.25,5.0,0.0,1.0,4.0,0.0,0.0,3.0,0.0,648
514,4.0,1.0,0.0,0.0,0.0,0.0,0.0,1.8400000000001455,0.0,648
515,46.0,0.0,0.0,0.0,0.0,0.0,0.0,0.0,0.0,648
516,35.0,14.0,0.0,14.0,4.5,0.0,0.0,0.0,0.0,649
517,0.0,4.579999999999927,0.0,0.75,2.3299999999999272,0.0,0.0,0.0,0.0,649
518,0.0,3.9200000000000728,3.9200000000000728,0.0,0.0,0.3600000000005821,0.0,0.0,0.0,649
519,8.0,0.0,0.0,0.0,0.0,0.0,0.0,0.0,0.0,649
520,49.82999999999993,12.5,0.0,12.5,12.5,0.0,0.0,34.20000000000073,0.0,650
521,0.0,4.0,0.0,0.0,0.0,0.0,0.0,0.0,0.0,650
522,0.0,2.6700000000000728,0.0,0.0,0.0,0.0,0.0,0.0,0.0,650
523,0.0,0.0,0.0,0.0,0.0,0.0,0.0,0.0,0.0,650
524,0.0,0.0,0.0,0.0,0.0,0.0,0.0,0.0,0.0,650
525,0.0,0.0,0.0,0.0,0.0,0.0,0.0,0.0,0.0,650
526,0.0,0.0,0.0,0.0,0.0,0.0,0.0,0.0,0.0,650
527,0.0,0.0,0.0,0.0,0.0,0.0,0.0,0.0,0.0,650
528,20.600000000000364,0.0,0.0,0.0,0.0,0.0,0.0,0.8999999999996362,0.0,650
529,0.0,34.0,0.0,17.0,24.5,0.0,0.0,0.0,0.0,651
530,36.0,0.0,0.0,0.0,0.0,0.0,0.0,1.199999999999818,0.0,651
531,232.0,8.5,0.0,8.5,12.5,0.0,0.0,0.0,0.0,652
532,29.0,2.0,5.0,0.0,2.0,2.0,0.0,0.0,0.0,652
533,0.0,4.440000000000509,0.0,0.0,0.0,0.0,0.0,0.0,0.0,652
534,0.0,1.6700000000000728,0.0,0.0,0.0,0.0,0.0,0.0,0.0,652
535,24.209999999999127,4.0,0.0,0.0,5.440000000000509,0.0,0.0,0.47999999999956344,0.0,652
536,0.0,6.709999999999127,5.75,0.0,0.0,0.0,0.0,0.0,0.0,652
537,0.0,1.9500000000007276,1.7900000000008731,0.0,0.0,0.05999999999949068,0.0,0.0,0.0,652
538,0.0,2.1700000000000728,0.9699999999993452,0.0,0.0,0.0,0.0,0.0,0.0,652
539,81.0,0.0,0.0,0.0,0.0,0.0,0.0,0.0,0.0,653
540,88.5,53.5,12.0,87.5,87.5,0.0,0.0,0.0,0.0,654
541,57.0,20.5,20.5,18.5,18.0,0.0,0.0,5.5,0.0,655
542,26.0,17.25,4.5,14.0,9.25,0.0,0.0,0.0,0.0,655
543,0.0,11.25,0.0,1.75,1.75,0.0,0.0,0.0,0.0,655
544,21.579999999999927,3.0,1.75,0.0,0.0,0.0,0.0,0.0,0.0,655
545,0.0,28.25,0.0,0.0,28.25,0.0,0.0,0.0,0.0,655
546,0.0,6.0,1.0,2.5,1.75,0.0,0.0,0.0,0.0,655
547,7.0,0.0,0.0,0.0,0.0,0.0,0.0,0.0,0.0,655
548,237.0,16.5,0.0,10.25,10.0,0.0,0.0,0.0,0.0,656
549,7.75,4.0,0.0,0.0,4.0,0.0,0.0,0.0,0.0,656
550,0.0,7.670000000000073,0.0,0.0,0.0,0.0,0.0,0.0,0.0,656
551,4.0,1.5,0.0,0.0,1.5,0.0,0.0,0.2999999999992724,0.0,656
552,142.5,26.5,15.5,0.0,15.5,26.5,0.0,19.5,0.0,657
553,72.0,1.5,0.0,0.0,1.5,0.0,0.0,0.0,0.0,657
554,22.0,3.0,0.0,0.0,0.0,0.0,0.0,0.0,0.0,657
555,13.209999999999127,2.8299999999999272,3.0,0.0,0.0,0.0,0.0,0.0,0.0,657
556,0.0,0.0,2.290000000000873,0.0,0.0,0.0,0.0,0.0,0.0,657
557,0.0,0.0,2.290000000000873,0.0,0.0,0.0,0.0,0.0,0.0,657
558,0.0,5.5,2.290000000000873,0.0,0.0,0.0,0.0,0.0,0.0,657
559,0.0,0.0,2.290000000000873,0.0,0.0,0.0,0.0,0.0,0.0,657
560,2.7999999999992724,0.0,0.0,0.0,0.0,0.0,0.0,0.0,0.0,657
561,0.0,2.530000000000655,0.0,0.0,0.0,0.0,0.0,0.0,0.0,657
562,0.0,0.0,0.0,0.0,0.0,0.0,0.0,0.0,0.0,657
563,19.0,13.5,3.5,3.5,3.5,0.0,0.0,0.75,0.0,658
564,40.5,4.0,0.0,0.0,4.0,0.0,0.0,7.600000000000364,0.0,658
565,0.0,7.5,1.25,7.5,5.0,0.0,0.0,0.0,0.0,658
566,0.0,10.5,0.0,0.0,2.5,10.5,0.0,0.0,0.0,658
567,0.0,13.5,1.25,0.0,2.5,2.5,0.0,0.0,0.0,658
568,0.0,0.75,0.25,0.5,8.0,0.0,0.0,0.0,0.0,658
569,317.0,0.0,0.0,0.0,0.0,0.0,0.0,0.0,0.0,659
570,150.0,0.0,0.0,0.0,3.5,0.0,0.0,0.0,0.0,660
571,79.25,0.5,0.5,0.0,0.0,0.0,0.0,0.0,0.0,660
572,0.0,25.0,0.0,0.0,0.0,0.0,0.0,0.0,0.0,660
573,0.0,1.0,1.0,0.0,0.0,0.0,0.0,0.0,0.0,660
574,0.0,4.670000000000073,0.0,0.0,0.0,0.0,0.0,0.0,0.0,660
575,0.0,0.0,0.8299999999999272,0.0,0.0,0.0,0.0,0.0,0.0,660
576,0.0,3.5,0.0,0.0,0.0,0.0,0.0,0.0,0.0,660
577,0.0,4.329999999999927,0.0,0.0,4.889999999999418,0.0,0.0,0.0,0.0,660
578,0.0,2.4200000000000728,0.0,0.0,0.0,0.0,0.0,0.0,0.0,660
579,240.0,10.5,0.0,0.0,21.5,0.0,0.0,82.5,0.0,661
580,0.0,13.829999999999927,0.0,0.0,0.0,0.0,0.0,0.0,0.0,661
581,0.0,1.5,0.0,0.0,0.0,0.0,0.0,0.0,0.0,661
582,0.0,0.0,0.0,0.0,4.0,0.0,0.0,0.0,0.0,661
583,0.0,1.5,0.0,0.0,0.0,0.0,0.0,0.0,0.0,661
584,0.0,6.5,0.0,0.0,0.0,0.0,0.0,0.0,0.0,661
585,0.0,3.25,0.0,0.0,0.0,0.0,0.0,0.0,0.0,661
586,0.0,7.25,0.0,0.0,0.0,0.0,0.0,0.0,0.0,661
587,0.0,1.75,1.75,0.0,0.0,0.0,0.0,0.0,0.0,661
588,0.0,10.25,0.0,0.0,0.0,0.0,0.0,0.0,0.0,661
589,48.42000000000007,4.5,0.0,0.0,0.0,0.0,0.0,0.0,0.0,661
590,0.0,10.5,0.0,4.75,9.5,0.0,0.0,0.0,0.0,662
591,28.0,2.5,0.0,0.0,2.5,0.0,0.0,4.0,0.0,662
592,255.5,5.0,5.0,5.0,5.0,0.0,0.0,11.5,0.0,663
593,9.0,0.0,0.0,0.0,0.0,0.0,0.0,0.0,0.0,663
594,28.5,20.5,0.0,0.0,6.0,0.0,0.0,0.0,0.0,664
595,22.0,15.75,0.0,1.0,3.5,3.5,0.0,0.0,0.0,664
596,20.75,6.75,2.25,0.0,2.8299999999999272,0.0,0.0,0.0,0.0,664
597,32.67000000000007,0.0,0.0,0.0,0.0,0.0,0.0,8.75,0.0,664
598,20.5,9.5,0.0,0.0,0.0,0.0,0.0,0.0,0.0,665
599,71.0,13.5,0.0,1.5,9.5,0.0,0.0,22.829999999999927,0.0,666
600,28.0,3.0,0.0,0.0,0.0,0.0,0.0,0.0,0.0,666
601,37.17000000000007,12.0,10.5,5.690000000000509,2.0,0.0,0.0,0.9200000000000728,0.0,666
602,0.0,3.8799999999991996,0.0,0.0,0.0,0.0,0.0,0.0,0.0,666
603,5.059999999999491,0.0,0.0,0.0,0.0,0.0,0.0,0.0,0.0,666
604,182.0,15.5,0.0,0.0,9.0,0.0,0.0,18.5,0.0,667
605,48.0,0.0,0.0,0.0,0.0,0.0,0.0,0.0,0.0,667
606,45.0,36.5,0.0,36.5,29.5,0.0,0.0,0.0,0.0,668
607,0.0,7.25,0.0,13.5,6.75,0.0,0.0,0.0,0.0,668
608,18.1299999999992,25.0,25.0,0.0,0.0,0.0,0.0,0.0,0.0,668
609,13.329999999999927,0.0,0.0,0.0,0.0,0.0,0.0,0.0,0.0,668
610,111.25,1.0,0.0,0.0,7.0,0.0,0.0,0.0,0.0,669
611,24.0,3.5,3.5,0.0,0.0,0.0,0.0,3.6700000000000728,0.0,669
612,3.5,8.0,5.75,0.0,0.5,0.0,0.0,0.0,0.0,669
613,8.670000000000073,10.670000000000073,10.0,0.0,0.0,0.0,0.0,0.0,0.0,669
614,101.0,18.5,0.0,0.0,10.5,0.0,0.0,30.5,0.0,670
615,110.5,10.420000000000073,0.0,1.6700000000000728,3.6700000000000728,0.0,0.0,7.700000000000728,0.0,670
616,38.0,9.0,3.0,0.0,3.0,0.0,0.0,0.0,0.0,670
617,49.5,7.0,0.0,0.0,0.0,0.0,0.0,0.0,0.0,670
618,28.5,0.6200000000008004,0.0,0.0,0.0,0.0,0.0,0.0,0.0,670
619,15.799999999999272,8.5,0.0,0.0,0.0,0.0,0.0,0.0,0.0,670
620,14.699999999998909,0.0,0.0,0.0,0.0,0.0,0.0,0.0,0.0,670
621,0.0,2.0,0.0,0.0,0.0,0.0,0.0,0.0,0.0,670
622,0.0,1.8299999999999272,1.0,0.0,0.0,0.0,0.0,0.0,0.0,670
623,145.25,31.5,0.0,3.5,3.5,0.0,0.0,18.06999999999971,0.0,671
624,26.0,2.6200000000008004,2.5,0.0,0.0,0.0,0.0,0.049999999999272404,0.0,671
625,206.75,12.5,0.0,6.0,5.5,0.0,0.0,13.1200000000008,0.0,672
626,106.5,7.5,0.0,5.0,7.0,0.0,0.0,0.5,0.0,672
627,33.5,8.5,0.0,0.0,8.670000000000073,0.0,0.0,0.0,0.0,672
628,0.0,0.0,0.0,0.0,0.0,0.0,0.0,0.0,0.0,672
629,0.0,3.25,0.0,0.0,4.0,0.0,0.0,0.0,0.0,672
630,0.0,0.0,0.0,0.0,0.0,0.0,0.0,0.0,0.0,672
631,0.0,0.0,0.0,0.0,0.0,0.0,0.0,0.0,0.0,672
632,105.0,16.5,0.0,14.0,17.0,0.0,0.0,27.829999999999927,0.0,673
633,66.5,9.0,0.0,0.0,2.5,0.0,0.0,26.899999999999636,0.0,674
634,10.75,1.75,0.0,0.0,0.75,0.0,0.0,0.0,0.0,674
635,0.0,1.0,0.0,1.0,0.0,0.0,0.0,0.0,0.0,674
636,3.75,4.5,0.0,2.25,2.0,0.0,0.0,0.0,0.0,674
637,3.0,3.469999999999345,0.0,0.0,0.0,0.679999999998472,0.0,0.0,0.0,674
638,0.0,3.430000000000291,0.0,0.0,0.0,0.0,0.0,0.0,0.0,674
639,0.0,5.6599999999998545,0.0,0.0,3.1299999999991996,0.0,0.0,0.0,0.0,674
640,0.0,0.3999999999996362,0.0,0.0,0.0,0.0,0.0,0.0,0.0,674
641,0.0,0.6999999999989086,0.0,0.0,0.0,0.0,0.0,0.0,0.0,674
642,0.0,1.0,3.600000000000364,0.0,0.0,0.0,0.0,0.0,0.0,674
643,0.0,45.5,0.0,18.0,18.0,0.0,0.0,0.0,0.0,675
644,0.0,15.5,0.0,3.0,3.0,0.0,0.0,0.0,0.0,675
645,20.0,5.0,0.0,0.0,5.0,0.0,0.0,0.0,0.0,675
646,6.0,0.0,0.0,0.0,0.0,0.0,0.0,0.3999999999996362,0.0,675
647,146.0,35.5,0.0,3.5,12.0,0.0,0.0,26.290000000000873,0.0,676
648,0.0,18.0,0.0,0.0,18.0,18.0,0.0,0.0,0.0,676
649,105.5,6.0,2.0,6.0,12.0,0.0,0.0,0.0,0.0,677
650,53.0,0.0,0.0,0.0,0.0,0.0,0.0,0.0,0.0,677
651,196.0,30.5,0.0,17.5,20.5,0.0,0.0,58.5,0.0,678
652,18.5,9.0,0.0,3.0,6.170000000000073,0.0,0.0,8.700000000000728,0.0,678
653,0.0,14.75,0.75,0.0,6.0,0.0,0.0,0.0,0.0,678
654,164.5,11.0,0.0,12.0,17.0,0.0,0.0,22.25,0.0,679
655,26.5,7.75,0.0,3.5,1.0,0.0,0.0,0.0,0.0,679
656,1.0,12.75,4.25,0.0,2.25,0.0,0.0,0.030000000000654836,0.0,679
657,13.409999999999854,8.579999999999927,1.1900000000005093,3.9099999999998545,4.0,0.0,0.0,0.0,0.0,679
658,0.0,2.780000000000655,0.0,0.0,0.030000000000654836,0.0,0.0,0.0,0.0,679
659,0.0,9.920000000000073,2.75,0.0,15.25,0.0,0.0,0.0,0.0,679
660,0.0,0.0,0.0,0.0,0.0,0.0,0.0,0.0,0.0,679
661,0.0,0.11000000000058208,0.0,0.0,0.0,0.0,0.0,0.0,0.0,679
662,0.0,0.0,0.0,0.0,0.0,0.0,0.0,0.0,0.0,679
663,0.0,39.5,0.0,39.5,61.5,0.0,0.0,0.0,0.0,680
664,0.0,28.5,0.0,28.5,21.0,0.0,0.0,0.0,0.0,680
665,0.0,7.170000000000073,0.0,4.670000000000073,5.800000000000182,0.0,0.0,0.0,0.0,680
666,0.0,10.430000000000291,0.0,0.0,0.0,0.0,0.0,0.0,0.0,680
667,0.0,26.399999999999636,0.0,0.0,20.229999999999563,0.0,0.0,0.0,0.0,680
668,12.0,0.0,0.0,0.0,0.0,0.0,0.0,0.0,0.0,680
669,0.0,28.5,0.0,13.670000000000073,28.5,0.0,0.0,0.0,0.0,696
670,0.0,0.0,0.0,0.0,0.0,0.0,0.0,0.0,0.0,697
671,3.5,21.0,0.0,0.0,21.0,0.0,0.0,0.0,0.0,698
672,0.0,40.0,19.0,0.0,27.0,40.0,0.0,0.0,0.0,698
673,0.0,34.5,0.0,34.5,24.0,0.0,0.0,0.0,0.0,699
674,0.0,26.0,0.5,0.5,0.5,0.0,0.0,0.0,0.0,699
675,0.0,37.0,0.0,0.0,0.0,0.0,0.0,0.0,0.0,699
676,10.0,5.75,0.0,0.0,0.25,0.0,0.0,0.0,0.0,699
677,0.0,50.0,0.0,0.0,14.5,36.0,0.0,0.0,0.0,700
678,0.0,0.0,0.0,0.0,0.0,0.0,0.0,0.0,0.0,701
679,0.0,57.0,0.0,46.0,29.5,0.0,0.0,0.0,0.0,702
680,0.0,21.5,3.0,21.5,22.5,0.0,0.0,0.0,0.0,702
681,0.0,9.079999999999927,0.0,0.5,8.829999999999927,0.0,0.0,0.0,0.0,702
682,0.0,26.420000000000073,11.75,0.0,14.670000000000073,0.0,0.0,0.0,0.0,702
683,0.0,5.0,5.0,0.0,5.0,5.0,0.0,0.0,0.0,702
684,5.329999999999927,0.0,0.0,0.0,0.0,0.0,0.0,0.0,0.0,702
685,0.0,20.5,0.0,20.5,50.25,0.0,0.0,0.0,0.0,703
686,0.0,43.0,20.5,0.0,43.0,0.0,0.0,0.0,0.0,703
687,53.0,0.0,0.0,0.0,0.0,0.0,0.0,0.0,0.0,704
688,26.0,0.0,0.0,0.0,0.0,0.0,0.0,0.0,0.0,705
689,0.0,0.0,0.0,0.0,0.0,0.0,0.0,0.0,0.0,706
690,0.0,0.0,0.0,0.0,0.0,0.0,0.0,0.0,0.0,707
691,0.0,37.5,0.0,32.5,32.5,0.0,0.0,0.0,0.0,708
692,0.0,40.0,0.0,21.5,2.5,0.0,0.0,0.0,0.0,708
693,0.0,29.0,0.0,0.0,4.860000000000582,0.0,0.0,0.0,0.0,708
694,4.5,39.0,0.0,0.0,39.0,0.0,0.0,0.0,0.0,709
695,0.0,1.0,0.0,0.0,1.0,0.0,0.0,0.0,0.0,709
696,88.5,0.0,0.0,0.0,0.0,0.0,0.0,0.0,0.0,710
697,0.0,0.0,0.0,0.0,0.0,0.0,0.0,0.0,0.0,711
698,0.0,23.0,0.0,11.5,6.5,0.0,0.0,0.0,0.0,712
699,0.0,0.0,0.0,0.0,0.0,0.0,0.0,0.0,0.0,713
700,0.0,19.0,0.0,19.0,4.0,0.0,0.0,0.0,0.0,714
701,15.0,0.0,0.0,0.0,0.0,0.0,0.0,0.0,0.0,714
702,0.0,53.0,0.0,18.0,44.0,0.0,0.0,0.0,0.0,715
703,0.0,25.0,0.0,0.0,5.0,0.0,0.0,0.0,0.0,715
704,0.0,10.170000000000073,1.6000000000003638,5.329999999999927,7.5,0.0,0.0,0.0,0.0,715
705,0.0,5.329999999999927,0.0,0.0,0.0,0.0,0.0,0.0,0.0,715
706,0.0,0.0,0.0,0.0,0.0,0.0,0.0,0.0,0.0,715
707,0.0,61.0,0.0,7.0,3.5,0.0,0.0,0.0,0.0,716
708,0.0,5.5,5.5,5.5,5.5,0.0,0.0,0.0,0.0,716
709,30.0,0.0,0.0,0.0,0.0,0.0,0.0,0.0,0.0,716
710,50.5,0.0,0.0,0.0,0.0,0.0,0.0,0.0,0.0,717
711,9.0,0.0,0.0,0.0,0.0,0.0,0.0,0.0,0.0,718
712,0.0,18.0,0.0,18.0,17.5,0.0,0.0,0.0,0.0,719
713,0.0,0.0,0.0,0.0,0.0,0.0,0.0,0.0,0.0,720
714,0.0,0.0,0.0,0.0,0.0,0.0,0.0,0.0,0.0,721
715,0.0,42.0,0.0,0.0,38.5,42.0,0.0,0.0,0.0,722
716,0.0,26.0,0.0,0.0,23.0,26.0,0.0,0.0,0.0,722
717,0.0,27.5,0.0,0.0,20.329999999999927,13.0,0.0,0.0,0.0,722
718,0.0,0.5,0.5,0.0,0.5,0.0,0.0,0.0,0.0,722
719,0.0,25.0,0.0,0.0,25.0,14.329999999999927,0.0,0.0,0.0,723
720,0.0,0.0,0.0,0.0,0.0,0.0,0.0,0.0,0.0,724
721,0.0,0.0,0.0,0.0,0.0,0.0,0.0,0.0,0.0,725
722,0.0,0.0,0.0,0.0,0.0,0.0,0.0,0.0,0.0,726
723,0.0,13.5,0.0,13.5,4.0,0.0,0.0,0.0,0.0,727
724,0.0,1.0,0.0,1.0,1.0,0.0,0.0,0.0,0.0,727
725,0.0,101.0,0.0,0.0,28.5,0.0,0.0,0.0,0.0,728
726,0.0,36.25,0.0,0.0,32.5,7.5,0.0,0.0,0.0,728
727,0.0,31.75,30.25,0.0,30.25,0.0,0.0,0.0,0.0,728
728,0.0,16.5,0.0,0.0,16.5,16.5,0.0,0.0,0.0,728
729,0.0,0.0,0.0,0.0,0.0,0.0,0.0,0.0,0.0,729
730,2.0,0.0,0.0,0.0,0.0,0.0,0.0,0.0,0.0,730
731,712.5,0.0,0.0,0.0,28.25,0.0,0.0,0.0,0.0,745
732,110.5,0.0,0.0,0.0,0.0,0.0,0.0,0.0,0.0,745
733,1607.5,1.0,0.0,0.0,1.0,0.0,0.0,47.80000000000018,0.0,746
734,187.0,0.0,0.0,0.0,0.0,0.0,0.0,18.600000000000364,0.0,746
735,224.0,3.0,0.0,4.0,5.5,0.0,0.0,8.0,0.0,746
736,416.5,2.0,0.0,0.0,2.0,0.0,0.0,80.82999999999993,0.0,747
737,82.5,13.0,10.0,0.0,11.5,0.0,0.0,27.640000000000327,0.0,747
738,111.0,17.850000000000364,11.100000000000364,0.0,12.100000000000364,0.0,0.0,0.0,0.0,747
739,53.25,5.25,5.25,1.3100000000004002,0.0,0.0,0.0,0.0,0.0,747
740,2496.0,0.0,0.0,0.0,0.0,0.0,0.0,432.57000000000016,0.0,748
741,52.0,3.5,0.0,0.0,3.5,0.0,0.0,0.0,0.0,748
742,1442.0,0.0,0.0,0.0,0.0,0.0,0.0,0.0,0.0,749
743,348.5,13.5,0.0,0.0,13.5,0.0,0.0,39.0,0.0,750
744,194.0,6.0,0.0,0.0,10.170000000000073,0.0,0.0,33.82999999999993,0.0,750
745,5.0,4.0,4.0,3.0,0.5,0.0,0.0,0.5,0.0,750
746,70.0,0.0,0.0,0.0,0.0,0.0,0.0,1.0,0.0,750
747,446.5,0.0,0.0,0.0,0.0,0.0,0.0,22.5,0.0,751
748,192.5,5.5,5.5,0.0,5.5,0.0,0.0,65.0,0.0,752
749,27.0,5.0,0.0,0.0,5.0,0.0,0.0,0.0,0.0,752
750,69.0,0.5,8.5,0.0,0.5,0.0,0.0,0.0,0.0,752
751,1461.5,0.0,0.0,0.0,0.0,0.0,0.0,0.0,0.0,753
752,144.0,0.0,0.0,0.0,0.0,0.0,0.0,32.75,0.0,754
753,51.5,16.5,2.0,0.0,6.0,0.0,0.0,0.0,0.0,754
754,0.0,6.0,2.0,0.0,3.5,0.0,0.0,0.0,0.0,754
755,1524.5,11.5,0.0,8.5,3.5,0.0,0.0,0.0,0.0,755
756,552.0,0.0,0.0,0.0,0.0,0.0,0.0,0.0,0.0,755
757,3905.0,0.0,0.0,0.0,0.0,0.0,0.0,0.0,0.0,756
758,338.5,29.0,0.0,0.0,29.0,0.0,0.0,34.75,0.0,757
759,997.0,0.0,0.0,0.0,0.0,0.0,0.0,0.0,0.0,758
760,1187.5,0.0,0.0,0.0,0.0,0.0,0.0,53.90000000000009,0.0,759
761,625.0,15.5,0.0,10.329999999999927,5.5,0.0,0.0,93.32999999999993,0.0,760
762,109.75,8.25,0.0,0.0,8.25,0.0,0.0,18.75,0.0,760
763,78.0,0.0,0.0,0.0,0.0,0.0,0.0,0.0,0.0,760
764,600.0,0.0,0.0,0.0,0.0,0.0,0.0,0.0,0.0,761
765,426.5,2.0,0.0,0.0,2.0,0.0,0.0,56.25,0.0,762
766,158.0,0.0,0.0,0.0,0.0,0.0,0.0,3.0,0.0,763
767,82.5,11.0,10.5,0.0,9.0,4.0,0.0,3.6700000000000728,0.0,764
768,115.5,0.0,0.0,0.0,0.0,0.0,0.0,0.0,0.0,764
769,773.5,7.0,0.0,7.0,6.5,0.0,0.0,0.0,0.0,765
770,81.75,3.8299999999999272,0.0,0.0,0.0,0.0,0.0,7.829999999999927,0.0,765
771,719.0,36.5,9.0,11.75,5.0,28.0,0.0,0.0,0.0,766
772,4.0,2.25,0.5,0.0,0.5,0.0,0.0,0.0,0.0,766
773,2.0,7.75,7.75,0.0,1.25,0.0,0.0,0.7700000000004366,0.0,766
774,14.0,0.5,0.5,0.0,1.0,0.0,0.0,0.0,0.0,766
775,0.5,3.0,3.5,0.0,0.0,0.0,0.0,0.0,0.0,766
776,346.0,0.0,0.0,0.0,0.0,0.0,0.0,0.0,0.0,767
777,792.0,0.5,0.0,0.0,0.5,0.0,0.0,0.0,0.0,768
778,298.0,0.0,0.0,0.0,0.0,0.0,0.0,7.25,0.0,768
779,585.0,1.0,0.0,0.0,1.0,0.0,0.0,29.9399999999996,0.0,769
780,331.5,2.5,0.0,0.0,2.5,0.0,0.0,0.0,0.0,770
781,42.0,5.5,0.0,3.0,2.5,0.0,0.0,0.0,0.0,770
782,0.0,6.25,0.0,0.0,0.0,0.0,0.0,0.0,0.0,770
783,0.0,17.25,2.5,0.0,14.75,0.0,0.0,0.0,0.0,770
784,0.0,4.0,7.5,0.0,0.0,16.75,0.0,0.0,0.0,770
785,0.0,3.0600000000004,7.5,0.0,0.0,0.0,0.0,0.0,0.0,770
786,244.5,0.0,0.0,0.0,0.0,0.0,0.0,0.0,0.0,771
787,809.0,0.0,0.0,0.0,0.0,0.0,0.0,0.0,0.0,772
788,419.0,6.0,0.0,0.0,17.0,0.0,0.0,0.0,0.0,773
789,72.25,5.0,0.0,0.0,5.0,0.0,0.0,17.219999999999345,0.0,773
790,127.0,2.0,0.0,0.0,2.0,0.0,0.0,49.17000000000007,0.0,773
791,58.0,0.0,0.0,0.0,0.0,0.0,0.0,0.0,0.0,773
792,388.0,0.0,0.0,0.0,0.0,0.0,0.0,50.5,0.0,774
793,502.0,0.0,0.0,0.0,0.0,0.0,0.0,0.0,0.0,775
794,200.5,74.5,0.0,27.0,16.5,0.0,0.0,44.5,0.0,776
795,83.5,13.25,0.0,0.0,1.0,0.0,0.0,2.399999999999636,0.0,776
796,32.17000000000007,13.670000000000073,8.829999999999927,0.0,11.5,0.0,0.0,0.0,0.0,776
797,25.0,27.0,7.0,0.0,14.5,0.0,0.0,0.0,0.0,776
798,267.0,0.0,0.0,0.0,0.0,0.0,0.0,8.199999999999818,0.0,777
799,290.5,10.5,7.0,8.25,7.0,0.0,0.0,69.75,0.0,778
800,115.5,2.75,2.5,0.5,0.25,0.0,0.0,31.590000000000146,0.0,778
801,18.6200000000008,3.25,0.0,0.0,0.0,0.0,0.0,0.0,0.0,778
802,0.0,4.3700000000008,1.3700000000008004,0.0,0.0,0.0,0.0,0.0,0.0,778
803,0.0,5.579999999999927,0.0,0.0,1.25,0.0,0.0,0.0,0.0,778
804,0.0,8.670000000000073,1.6700000000000728,0.0,0.0,0.0,0.0,0.0,0.0,778
805,0.0,0.25,6.5,0.0,0.0,0.0,0.0,0.0,0.0,778
806,0.0,0.0,6.450000000000728,0.0,0.0,0.0,0.0,0.0,0.0,778
807,0.0,0.0,0.0,0.0,0.0,0.0,0.0,0.0,0.0,778
808,0.0,0.22999999999956344,0.22999999999956344,0.0,0.0,0.0,0.0,0.0,0.0,778
809,2210.0,0.0,0.0,0.0,0.0,0.0,0.0,60.5,0.0,779
810,1733.0,0.0,0.0,0.0,0.0,0.0,0.0,53.85999999999967,0.0,795
811,1081.0,0.0,0.0,0.0,0.0,0.0,0.0,0.0,0.0,796
812,932.0,0.0,0.0,0.0,0.0,0.0,0.0,0.0,0.0,797
813,1602.5,4.0,0.0,9.0,1.5,0.0,0.0,0.0,0.0,798
814,1232.0,0.0,0.0,0.0,0.0,0.0,0.0,0.0,0.0,799
815,829.0,0.0,0.0,0.0,0.0,0.0,0.0,145.0,0.0,800
816,1228.0,0.0,0.0,0.0,0.0,0.0,0.0,0.0,0.0,801
817,746.5,2.5,0.0,0.0,2.5,0.0,0.0,234.17000000000007,0.0,802
818,1413.0,9.0,0.0,9.0,13.670000000000073,0.0,0.0,186.82999999999993,0.0,803
819,94.0,0.0,0.0,0.0,0.0,0.0,0.0,14.0,0.0,803
820,1306.5,19.0,0.0,0.0,13.5,11.0,0.0,0.0,0.0,804
821,53.0,0.0,0.0,0.0,0.0,0.0,0.0,0.0,0.0,804
822,1145.0,0.0,0.0,0.0,0.0,0.0,0.0,0.0,0.0,805
823,1391.0,12.5,0.0,9.0,4.5,0.0,0.0,0.0,0.0,806
824,501.5,0.0,0.0,0.0,0.0,0.0,0.0,142.5,0.0,807
825,236.5,11.829999999999927,0.0,0.0,11.829999999999927,0.0,0.0,0.0,0.0,807
826,47.0,1.5,0.0,1.5,6.25,0.0,0.0,0.0,0.0,807
827,0.0,14.25,14.25,0.0,2.880000000000109,8.5,0.0,0.0,0.0,807
828,0.0,0.0,0.0,0.0,0.0,0.0,0.0,0.0,0.0,807
829,0.0,0.0,0.0,0.0,0.0,0.0,0.0,0.0,0.0,807
830,0.0,7.5,7.5,0.0,0.0,0.0,0.0,0.0,0.0,807
831,0.0,0.0,0.0,0.0,0.0,0.0,0.0,0.0,0.0,807
832,1513.5,0.0,0.0,0.0,0.0,0.0,0.0,0.0,0.0,808
833,111.5,10.5,0.0,0.0,13.5,0.0,0.0,2.6700000000000728,0.0,808
834,25.779999999999745,0.0,0.0,0.0,0.0,0.0,0.0,0.7799999999997453,0.0,808
835,0.0,0.8900000000003274,0.5500000000001819,0.0,0.5500000000001819,0.0,0.0,0.0,0.0,808
836,0.0,0.0,1.0,0.0,0.0,0.0,0.0,0.0,0.0,808
837,0.0,2.3299999999999272,0.0,0.0,0.0,0.0,0.0,0.0,0.0,808
838,0.0,3.25,0.0,0.0,2.25,0.0,0.0,0.0,0.0,808
839,0.0,1.75,1.75,0.0,0.0,0.0,0.0,0.0,0.0,808
840,0.0,0.0,3.0,0.0,0.0,0.0,0.0,0.0,0.0,808
841,225.0,0.0,0.0,0.0,0.0,0.0,0.0,0.0,0.0,809
842,277.0,0.0,0.0,0.0,0.0,0.0,0.0,0.0,0.0,810
843,974.5,15.5,0.0,7.0,5.0,8.5,0.0,0.0,0.0,811
844,76.0,1.0,0.5,0.0,1.0,0.0,0.0,1.0,0.0,811
845,38.0,5.5,3.0,0.0,0.0,0.0,0.0,0.0,0.0,811
846,18.0,0.0,0.0,0.0,0.0,0.0,0.0,0.0,0.0,811
847,1339.5,21.5,0.0,2.0,4.5,0.0,0.0,0.0,0.0,812
848,216.5,6.0,2.75,0.0,2.5,0.0,0.0,0.0,0.0,812
849,256.5,0.0,0.0,0.0,0.0,0.0,0.0,0.0,0.0,812
850,2177.5,5.5,0.5,1.0,3.0,0.0,0.0,0.0,0.0,813
851,135.0,0.0,0.0,0.0,2.0,0.0,0.0,0.0,0.0,813
852,23.5,9.5,2.8299999999999272,0.0,3.5,0.0,0.0,2.1700000000000728,0.0,813
853,74.0,9.5,2.6700000000000728,0.0,3.5,0.25,0.0,0.0,0.0,813
854,53.5,1.0,0.0,0.75,0.0,0.0,0.0,1.5,0.0,813
855,247.5,1.0,0.0,0.6700000000000728,1.0,0.0,0.0,0.0,0.0,813
856,59.25,0.0,0.0,0.0,0.0,0.0,0.0,0.75,0.0,813
857,1217.5,16.5,0.0,5.5,6.0,14.5,0.0,0.0,0.0,814
858,80.75,2.0,1.5,0.0,0.0,2.0,0.0,1.6700000000000728,0.0,814
859,85.0,1.5,0.0,0.0,0.0,0.0,0.0,0.0,0.0,814
860,28.0,1.0,1.0,0.0,0.0,0.0,0.0,0.0,0.0,814
861,0.0,3.0,0.0,0.0,0.0,0.0,0.0,0.0,0.0,814
